Mean,Std Dev,Min,Max,RMSE
7.130920772766973e-06,0.0003217897461494856,-0.0033784488266584978,0.021083961719849276,0.0003218687477187213
4.1459971681940464e-06,0.0001902898484491581,-0.007709538158269025,0.0020817467138685153,0.00019033500916889207
-2.9849236045770743e-06,0.000373550235054486,-0.021061309103875825,0.0034176601864700507,0.0003735621606616319
